Rank,nom,Score
1,Jerome,0.9732688220411794
2,Pautou,0.8751048256506607
3,Mayo,0.8568323567970111
4,Jakovljevic,0.6376582786321106
5,Cardenal,0.4310359886260854
6,Durant,0.2582213125883668
7,Batey,0.18945718864559818
8,Shelby,0.14626299846012542
9,Sahie,0.10416169557117486
10,Devillers,-0.03488817033893747
11,Djoumoi,-0.36029392029487417
12,Belleka,-0.37489293049402356